ID,Votó,Form,Id_M,Pensamiento_reflexivo,IH,deprivacion,sesion,Somnoliencia,M_Venezuela,K_Venezuela,M_Clases,K_Clases,M_Libertad,K_Libertad,M_Vacunas,K_Vacunas,M_Sputnik,K_Sputnik,M_Vizotti,K_Vizotti,M_Nisman,K_Nisman,M_Intervención,K_Intervención,M_DDHH,K_DDHH,M_Deuda,K_Deuda,M_Larreta/Axel,K_Larreta/Axel,M_Meritocracia,K_Meritocracia,M_Fortunas,K_Fortunas,M_Macri,K_Macri,M_Peronismo,K_Peronismo,M_Sala,K_Sala,M_Sindicatos,K_Sindicatos,M_Planes,K_Planes,M_Maldonado,K_Maldonado,M_Aerolineas,K_Aerolineas,Extremismo,AF,CFK,Axel,Macri,Carrio,Bullrich,FDT,JxC,Pol_afect_candidatos,macristas,kirchneristas,Pol_afect_K/M,Pol_afect_total,PA_sexoaf_M,PA_sexoaf_K,PA_amigos_M,PA_amigos_K,PA_colegas_M,PA_colegas_K,pol_afect_social,Estoy dispuesta/o a tener una conversación larga sobre este tema con esta persona - 1,Me sentiría nerviosa/o discutiendo este tema con esta persona - 1,"Estaría dispuesta/o a participar de un intercambio de opiniones en redes sociales (por ejemplo, comentar un post en Facebook o responder un mensaje en Twitter) sobre este tema con personas que tienen una postura fuertemente opuesta a la mía - 1",Creo que escuchar visiones opuestas a la mía me resulta informativo - 1,Valoro las interacciones con personas que tienen posturas fuertes opuestas a la mía - 1,conv_recep,actimetro,genero,orientacion,edad,Excluir
54,M,CM,,,,1,1,Alerta,N/A,5,3,N/A,N/A,1,2,N/A,N/A,5,0,N/A,N/A,5,3,N/A,N/A,1,N/A,0,N/A,1,4,N/A,N/A,1,5,N/A,2,N/A,N/A,0,2,N/A,1,N/A,1,N/A,N/A,5,"2,35",-3,-5,-5,1,1,3,-1,5,"6,00",4,-1,"5,00","5,80",5,4,5,4,5,3,"1,33",6,1,1,7,7,20,,M,Centro-Derecha,22,no
87,M,CM,,,,0,1,Algunos s√≠ntomas de somnolencia,N/A,5,1,N/A,N/A,1,1,N/A,N/A,5,0,N/A,N/A,5,3,N/A,N/A,0,N/A,0,N/A,1,1,N/A,N/A,3,5,N/A,5,N/A,N/A,5,0,N/A,2,N/A,1,N/A,N/A,5,"2,45",-5,-5,-5,2,0,1,-5,2,"6,25",1,-5,"6,00","6,20",2,-5,3,-1,3,-1,"5,00",5,5,1,6,6,13,,M,NS/NC,23,no
671,M,CM,,,,1,2,Alerta,N/A,4,5,N/A,N/A,5,5,N/A,N/A,0,5,N/A,N/A,5,5,N/A,N/A,5,N/A,5,N/A,3,5,N/A,N/A,2,0,N/A,5,N/A,N/A,5,5,N/A,5,N/A,5,N/A,N/A,5,"4,20",-5,-5,-5,3,-5,3,-5,-2,"4,75",1,-5,"6,00","5,00",5,-4,5,-2,5,-2,"7,67",7,3,7,7,7,25,,V,Derecha,30,si
338,M,CM,,,,1,2,Un poco alerta,N/A,3,2,N/A,N/A,1,1,N/A,N/A,1,2,N/A,N/A,3,2,N/A,N/A,3,N/A,0,N/A,2,1,N/A,N/A,3,1,N/A,2,N/A,N/A,3,2,N/A,1,N/A,1,N/A,N/A,2,"1,80",-4,-5,-2,2,-1,3,-3,1,"4,75",2,-3,"5,00","4,80",3,1,5,5,3,-2,"2,33",6,3,4,6,6,19,,M,Centro-Derecha,22,si
65,M,CM,,,,0,2,Ni alerta ni somnoliento/a,N/A,5,2,N/A,N/A,2,3,N/A,N/A,0,3,N/A,N/A,5,0,N/A,N/A,3,N/A,3,N/A,0,4,N/A,N/A,4,5,N/A,5,N/A,N/A,5,2,N/A,3,N/A,0,N/A,N/A,0,"2,70",-5,-5,-5,5,5,5,-5,5,"10,00",5,-5,"10,00","10,00",5,-5,5,4,5,-5,"7,00",4,4,4,4,4,12,,M,NS/NC,32,no
120,K,CK,,,,0,1,Muy alerta,N/A,1,3,N/A,N/A,5,3,N/A,N/A,2,0,N/A,N/A,0,0,N/A,N/A,2,N/A,0,N/A,0,1,N/A,N/A,3,0,N/A,1,N/A,N/A,5,3,N/A,3,N/A,5,N/A,N/A,5,"2,10",-2,-1,-5,-4,-5,-3,2,-2,"2,00",-1,0,"1,00","1,80",0,0,1,1,0,0,"0,00",6,4,1,7,7,17,,M,Centro-Izquierda,19,no
109,K,CK,,,,0,1,Alerta,N/A,5,3,N/A,N/A,1,4,N/A,N/A,2,5,N/A,N/A,0,4,N/A,N/A,5,N/A,1,N/A,0,4,N/A,N/A,4,0,N/A,3,N/A,N/A,1,0,N/A,2,N/A,5,N/A,N/A,5,"2,70",1,4,2,-4,-2,-5,4,-5,"6,75",-5,3,"8,00","7,00",-4,4,-1,4,-2,4,"6,33",5,5,1,6,5,12,,M,Centro-Izquierda,30,no
344,K,CK,,,,1,1,Algunos s√≠ntomas de somnolencia,N/A,1,3,N/A,N/A,3,1,N/A,N/A,0,3,N/A,N/A,1,1,N/A,N/A,5,N/A,1,N/A,1,2,N/A,N/A,4,1,N/A,1,N/A,N/A,0,2,N/A,5,N/A,3,N/A,N/A,0,"1,90",1,-1,2,-4,-5,-5,3,-4,"5,75",-4,1,"5,00","5,60",-1,1,0,0,-1,0,"1,00",5,3,4,6,6,18,,V,Izquierda,21,no
43,K,CK,,,,0,2,Alerta,N/A,2,5,N/A,N/A,5,5,N/A,N/A,4,4,N/A,N/A,4,2,N/A,N/A,4,N/A,1,N/A,3,4,N/A,N/A,1,3,N/A,2,N/A,N/A,2,1,N/A,5,N/A,4,N/A,N/A,4,"3,25",-5,-4,-5,-4,-5,-5,-4,-5,"0,25",-3,-3,"0,00","0,20",0,0,0,0,0,0,"0,00",6,2,1,7,7,19,,M,Centro-Izquierda,23,no
98,K,CK,,,,1,2,Ni alerta ni somnoliento/a,N/A,2,3,N/A,N/A,3,5,N/A,N/A,4,5,N/A,N/A,5,2,N/A,N/A,5,N/A,1,N/A,1,3,N/A,N/A,5,1,N/A,1,N/A,N/A,1,1,N/A,5,N/A,4,N/A,N/A,1,"2,90",1,-3,1,-5,-4,-5,2,-3,"4,50",-5,-2,"3,00","4,20",2,4,-1,3,2,2,"2,00",5,2,1,6,6,16,,V,Centro-Izquierda,36,no
235,K,CK,,,,0,2,Muy alerta,N/A,1,5,N/A,N/A,3,3,N/A,N/A,2,3,N/A,N/A,3,2,N/A,N/A,5,N/A,4,N/A,2,3,N/A,N/A,5,2,N/A,4,0,N/A,5,2,N/A,1,N/A,5,N/A,N/A,4,"3,05",3,3,2,-5,-5,-5,3,-5,"7,75",-3,2,"5,00","7,20",-1,2,-2,3,-4,3,"5,00",2,3,4,7,7,17,,M,Centro-Izquierda,26,no
338,M,AM,,,,0,1,Muy alerta,2,N/A,N/A,3,2,N/A,N/A,1,2,N/A,N/A,2,2,N/A,N/A,0,4,N/A,3,N/A,0,N/A,N/A,4,3,N/A,N/A,3,N/A,2,2,N/A,N/A,1,N/A,2,N/A,2,1,N/A,"2,05",-4,-5,-2,2,0,3,-3,1,"5,00",2,-2,"4,00","4,80",1,-1,3,3,2,-2,"2,00",6,2,2,6,6,18,1872908,M,Centro-Derecha,22,si
671,M,AM,,,,0,1,Muy alerta,3,N/A,N/A,5,5,N/A,N/A,5,0,N/A,N/A,5,5,N/A,N/A,5,4,N/A,1,N/A,3,N/A,N/A,4,5,N/A,N/A,4,N/A,5,5,N/A,N/A,4,N/A,3,N/A,5,5,N/A,"4,05",-5,-5,-5,3,-5,3,-5,-1,"5,00",2,-5,"7,00","5,40",5,-3,5,-3,4,-5,"8,33",7,1,5,7,7,25,Ax3 18-72587,V,Derecha,30,si
65,M,AM,,,,1,1,Ni alerta ni somnoliento/a,4,N/A,N/A,2,3,N/A,N/A,5,2,N/A,N/A,3,4,N/A,N/A,1,5,N/A,4,N/A,4,N/A,N/A,0,2,N/A,N/A,5,N/A,5,4,N/A,N/A,2,N/A,4,N/A,0,0,N/A,"2,95",-5,-5,-5,5,5,5,-5,-5,"7,50",5,-5,"10,00","8,00",5,-5,5,-5,5,-5,"10,00",4,2,1,5,4,12,Ax31877160,M,NS/NC,32,no
54,M,AM,,,,0,2,Extremadamente alerta,2,N/A,N/A,1,2,N/A,N/A,1,3,N/A,N/A,0,2,N/A,N/A,3,1,N/A,2,N/A,3,N/A,N/A,1,4,N/A,N/A,1,N/A,4,0,N/A,N/A,2,N/A,1,N/A,1,4,N/A,"1,90",-3,-5,-4,2,2,2,-3,3,"6,00",3,-1,"4,00","5,60",5,2,5,4,5,4,"1,67",6,5,2,6,6,15,AX31872548,M,Centro-Derecha,22,no
87,M,AM,,,,1,2,Muy alerta,3,N/A,N/A,1,1,N/A,N/A,3,2,N/A,N/A,1,4,N/A,N/A,3,3,N/A,1,N/A,1,N/A,N/A,4,5,N/A,N/A,5,N/A,5,5,N/A,N/A,2,N/A,1,N/A,1,5,N/A,"2,80",-5,-5,-5,2,0,0,-5,4,"6,50",1,-5,"6,00","6,40",4,-5,2,-3,2,1,"5,00",2,3,1,5,5,10,AX3 18-76985,M,NS/NC,23,no
43,K,AK,,,,1,1,Alerta,4,N/A,N/A,5,5,N/A,N/A,5,5,N/A,N/A,4,4,N/A,N/A,0,5,N/A,3,N/A,3,N/A,N/A,0,3,N/A,N/A,3,N/A,4,4,N/A,N/A,1,N/A,4,N/A,3,5,N/A,"3,50",-5,-4,-4,-4,-5,-5,-3,-3,"0,25",-3,-3,"0,00","0,20",0,0,0,0,0,0,"0,00",6,2,1,5,6,16,AX3 18-72958,M,Centro-Izquierda,23,no
98,K,AK,,,,0,1,Algunos s√≠ntomas de somnolencia,2,N/A,N/A,1,5,N/A,N/A,3,5,N/A,N/A,5,5,N/A,N/A,1,5,N/A,2,N/A,1,N/A,N/A,2,5,N/A,N/A,0,N/A,2,2,N/A,N/A,3,N/A,4,N/A,3,3,N/A,"2,95",1,-1,1,-4,-3,-5,1,-2,"4,00",-3,1,"4,00","4,00",1,2,-3,3,2,2,"2,33",6,1,1,6,5,17,AX 18-72995,V,Centro-Izquierda,36,no
235,K,AK,,,,1,1,Alerta,4,N/A,N/A,5,4,N/A,N/A,3,3,N/A,N/A,3,2,N/A,N/A,2,5,N/A,4,N/A,4,N/A,N/A,3,4,N/A,N/A,5,N/A,1,5,N/A,N/A,5,N/A,2,N/A,5,5,N/A,"3,70",3,3,2,-5,-5,-5,4,-5,"8,00",-5,3,"8,00","8,00",2,3,-3,2,-5,4,"5,00",1,6,2,7,6,10,ax3 18-72536,M,Centro-Izquierda,26,no
120,K,AK,,,,1,2,Algunos s√≠ntomas de somnolencia,2,N/A,N/A,5,4,N/A,N/A,3,2,N/A,N/A,1,0,N/A,N/A,1,2,N/A,2,N/A,2,N/A,N/A,3,1,N/A,N/A,0,N/A,0,5,N/A,N/A,1,N/A,5,N/A,2,1,N/A,"2,10",1,1,-2,-1,-4,-2,1,-2,"2,50",-1,-1,"0,00","2,00",0,0,1,1,1,1,"0,00",3,3,1,7,7,15,AX3 18-71034,M,Centro-Izquierda,19,no
344,K,AK,,,,0,2,Algunos s√≠ntomas de somnolencia,2,N/A,N/A,4,3,N/A,N/A,1,0,N/A,N/A,2,1,N/A,N/A,0,3,N/A,1,N/A,3,N/A,N/A,2,3,N/A,N/A,2,N/A,0,0,N/A,N/A,3,N/A,3,N/A,2,0,N/A,"1,75",1,-1,3,-5,-5,-5,0,-4,"5,50",-4,1,"5,00","5,40",-3,-1,0,1,1,1,"1,00",6,5,2,6,6,15,AX3 18-73363,V,Izquierda,21,no
109,K,AK,,,,1,2,Algunos s√≠ntomas de somnolencia,5,N/A,N/A,4,1,N/A,N/A,3,4,N/A,N/A,4,0,N/A,N/A,2,5,N/A,2,N/A,3,N/A,N/A,4,4,N/A,N/A,3,N/A,3,2,N/A,N/A,2,N/A,3,N/A,3,5,N/A,"3,10",2,4,4,-4,-4,-5,4,-4,"7,75",-3,3,"6,00","7,40",-3,2,-1,2,-2,2,"4,00",5,3,2,6,6,16,AX3 18-71055,M,Centro-Izquierda,30,no
102,M,CM,,,,1,1,Un poco alerta,N/A,3,4,N/A,N/A,5,5,N/A,N/A,3,0,N/A,N/A,1,2,N/A,N/A,3,N/A,2,N/A,3,5,N/A,N/A,2,4,N/A,5,N/A,N/A,4,2,N/A,4,N/A,2,N/A,N/A,2,"3,05",-5,-5,-5,5,2,5,-5,5,"9,25",5,-5,"10,00","9,40",4,-5,5,-5,2,-2,"7,67",6,2,6,3,3,16,,M,Centro-Derecha,23,si
113,M,CM,,,,1,1,Ni alerta ni somnoliento/a,N/A,4,5,N/A,N/A,2,2,N/A,N/A,3,1,N/A,N/A,5,4,N/A,N/A,1,N/A,3,N/A,5,2,N/A,N/A,2,3,N/A,2,N/A,N/A,1,3,N/A,2,N/A,3,N/A,N/A,5,"2,90",-3,-5,-2,2,1,1,-4,2,"5,00",2,-5,"7,00","5,40",2,-4,3,-1,-2,-4,"4,00",6,5,1,5,5,12,,M,Centro-Derecha,24,no
103,M,CM,,,,1,2,"Somnoliento/a, pero sin dificultad para permanecer despierto/a",N/A,5,4,N/A,N/A,3,2,N/A,N/A,2,1,N/A,N/A,3,3,N/A,N/A,2,N/A,1,N/A,4,1,N/A,N/A,1,2,N/A,4,N/A,N/A,4,5,N/A,5,N/A,3,N/A,N/A,1,"2,80",-5,-3,-5,2,-2,2,-4,2,"5,25",2,-2,"4,00","5,00",0,-1,0,0,0,0,"0,33",1,3,3,5,3,9,,M,Centro-Derecha,33,no
343,M,CM,,,,1,2,Un poco alerta,N/A,1,2,N/A,N/A,2,2,N/A,N/A,2,0,N/A,N/A,1,1,N/A,N/A,0,N/A,0,N/A,1,0,N/A,N/A,0,1,N/A,2,N/A,N/A,0,0,N/A,3,N/A,1,N/A,N/A,2,"1,05",-2,-3,-3,-3,-3,-3,-2,-2,"0,25",-4,-4,"0,00","0,20",-4,-4,1,1,1,1,"0,00",5,3,2,4,3,11,,M,NS/NC,22,no
124,M,CM,,,,1,1,Algunos s√≠ntomas de somnolencia,N/A,3,2,N/A,N/A,1,1,N/A,N/A,5,1,N/A,N/A,5,5,N/A,N/A,0,N/A,5,N/A,5,1,N/A,N/A,5,1,N/A,5,N/A,N/A,3,5,N/A,2,N/A,5,N/A,N/A,1,"3,05",-5,-5,-5,-2,-5,-3,-5,-3,"1,75",-1,-5,"4,00","2,20",5,5,4,3,5,5,"0,33",7,1,6,5,5,22,,M,Centro-Derecha,23,no
359,M,CM,,,,1,1,"Somnoliento/a, pero sin dificultad para permanecer despierto/a",N/A,2,2,N/A,N/A,3,4,N/A,N/A,1,5,N/A,N/A,5,2,N/A,N/A,3,N/A,4,N/A,5,1,N/A,N/A,1,5,N/A,3,N/A,N/A,5,5,N/A,3,N/A,4,N/A,N/A,3,"3,30",-4,-5,-5,5,5,3,-3,4,"8,50",4,-3,"7,00","8,20",5,5,5,5,5,5,"0,00",7,1,6,7,7,26,,V,Centro-Derecha,31,no
49,M,CM,,,,0,1,Muy alerta,N/A,1,5,N/A,N/A,4,5,N/A,N/A,5,3,N/A,N/A,5,5,N/A,N/A,0,N/A,0,N/A,5,5,N/A,N/A,0,3,N/A,5,N/A,N/A,2,5,N/A,3,N/A,4,N/A,N/A,1,"3,30",-5,-5,-5,1,1,5,-5,3,"7,50",3,-5,"8,00","7,60",2,-1,3,3,3,3,"1,00",5,1,5,6,4,19,,M,Centro-Derecha,23,no
116,M,CM,,,,0,2,Un poco alerta,N/A,5,3,N/A,N/A,5,5,N/A,N/A,5,5,N/A,N/A,5,5,N/A,N/A,5,N/A,5,N/A,5,5,N/A,N/A,5,3,N/A,5,N/A,N/A,5,5,N/A,5,N/A,0,N/A,N/A,5,"4,55",-5,-5,-5,3,-5,3,-5,3,"6,00",3,-5,"8,00","6,40",3,-4,3,-4,4,-4,"7,33",1,1,1,5,5,11,,V,Derecha,20,no
248,M,CM,,,,0,2,Alerta,N/A,4,2,N/A,N/A,5,5,N/A,N/A,5,3,N/A,N/A,5,4,N/A,N/A,5,N/A,4,N/A,5,2,N/A,N/A,3,2,N/A,5,N/A,N/A,5,4,N/A,2,N/A,5,N/A,N/A,2,"3,85",-5,-5,-5,1,1,5,-5,3,"7,50",2,-3,"5,00","7,00",3,2,5,5,5,5,"0,33",7,2,7,7,7,26,,V,Centro-Derecha,24,no
76,M,CM,,,,1,2,Ni alerta ni somnoliento/a,N/A,3,1,N/A,N/A,2,1,N/A,N/A,2,2,N/A,N/A,3,1,N/A,N/A,0,N/A,0,N/A,0,2,N/A,N/A,1,1,N/A,3,N/A,N/A,2,1,N/A,2,N/A,2,N/A,N/A,2,"1,55",-3,-5,-3,2,0,0,-3,1,"4,25",0,0,"0,00","3,40",0,0,0,0,0,0,"0,00",6,2,3,5,5,17,,M,Centro-Derecha,22,no
67,M,CM,,,,1,2,Ni alerta ni somnoliento/a,N/A,5,0,N/A,N/A,1,2,N/A,N/A,1,0,N/A,N/A,5,3,N/A,N/A,2,N/A,0,N/A,1,1,N/A,N/A,3,1,N/A,5,N/A,N/A,3,1,N/A,1,N/A,0,N/A,N/A,2,"1,85",-5,-5,-2,2,2,2,-5,3,"6,50",5,-3,"8,00","6,80",5,-5,5,-2,5,-1,"7,67",7,5,2,7,7,18,,M,Centro-Derecha,20,no
135,K,CK,,,,1,1,Ni alerta ni somnoliento/a,N/A,3,3,N/A,N/A,1,4,N/A,N/A,3,5,N/A,N/A,5,3,N/A,N/A,5,N/A,5,N/A,4,5,N/A,N/A,5,5,N/A,5,N/A,N/A,0,1,N/A,5,N/A,5,N/A,N/A,4,"3,80",-3,5,4,-5,-5,-5,3,-5,"7,25",-5,5,"10,00","7,80",-4,5,-5,5,-4,5,"9,33",6,5,1,5,6,13,,M,Izquierda,23,no
353,K,CK,,,,1,1,Algunos s√≠ntomas de somnolencia,N/A,0,2,N/A,N/A,3,3,N/A,N/A,1,1,N/A,N/A,1,1,N/A,N/A,4,N/A,2,N/A,0,5,N/A,N/A,1,3,N/A,0,N/A,N/A,0,4,N/A,2,N/A,5,N/A,N/A,5,"2,15",1,1,1,-3,-5,-5,-3,-5,"4,50",-5,-3,"2,00","4,00",-4,-1,-3,0,0,0,"2,00",6,4,1,5,5,13,,M,Centro-Izquierda,24,no
64,K,CK,,,,0,1,Alerta,N/A,2,4,N/A,N/A,4,2,N/A,N/A,3,2,N/A,N/A,4,4,N/A,N/A,5,N/A,2,N/A,2,5,N/A,N/A,5,5,N/A,2,N/A,N/A,1,5,N/A,5,N/A,5,N/A,N/A,2,"3,45",1,2,0,-4,-5,-3,1,-4,"5,00",-5,1,"6,00","5,20",-2,3,-1,4,1,1,"3,33",2,2,5,6,3,14,,M,Izquierda,23,no
117,K,CK,,,,0,1,Extremadamente alerta,N/A,4,5,N/A,N/A,4,4,N/A,N/A,3,2,N/A,N/A,4,3,N/A,N/A,4,N/A,3,N/A,4,5,N/A,N/A,2,2,N/A,2,N/A,N/A,3,5,N/A,5,N/A,5,N/A,N/A,0,"3,45",1,-2,-2,0,-2,-5,2,-2,"2,00",-2,1,"3,00","2,20",2,3,1,3,-1,2,"2,00",6,4,2,6,5,15,,M,Centro-Izquierda,27,no
57,K,CK,,,,1,2,"Somnoliento/a, pero sin dificultad para permanecer despierto/a",N/A,2,5,N/A,N/A,3,3,N/A,N/A,3,3,N/A,N/A,4,5,N/A,N/A,5,N/A,5,N/A,4,5,N/A,N/A,4,5,N/A,4,N/A,N/A,0,3,N/A,3,N/A,4,N/A,N/A,4,"3,70",2,5,4,-5,-5,-5,4,-5,"8,75",-4,4,"8,00","8,60",-4,4,-4,3,-5,4,"8,00",3,4,7,4,2,12,,M,Centro-Izquierda,25,no
125,K,CK,,,,1,2,Muy alerta,N/A,1,5,N/A,N/A,3,5,N/A,N/A,2,3,N/A,N/A,0,3,N/A,N/A,4,N/A,4,N/A,4,5,N/A,N/A,3,3,N/A,4,N/A,N/A,0,3,N/A,5,N/A,0,N/A,N/A,5,"3,10",3,4,3,1,-5,-5,5,-2,"6,50",0,0,"0,00","5,20",5,5,5,5,5,5,"0,00",7,1,2,6,7,21,,V,NS/NC,32,si
349,K,CK,,,,0,2,Algunos s√≠ntomas de somnolencia,N/A,5,3,N/A,N/A,5,5,N/A,N/A,0,5,N/A,N/A,5,5,N/A,N/A,5,N/A,5,N/A,0,5,N/A,N/A,4,5,N/A,4,N/A,N/A,5,3,N/A,3,N/A,5,N/A,N/A,3,"4,00",-2,-2,2,-5,-4,-5,-3,-5,"3,50",-5,1,"6,00","4,00",-5,2,2,3,5,5,"2,67",7,2,1,7,6,19,,M,Izquierda,24,si
245,K,CK,,,,1,2,Ni alerta ni somnoliento/a,N/A,5,2,N/A,N/A,2,4,N/A,N/A,2,5,N/A,N/A,3,3,N/A,N/A,5,N/A,4,N/A,1,4,N/A,N/A,5,5,N/A,5,N/A,N/A,4,3,N/A,4,N/A,5,N/A,N/A,4,"3,75",-2,5,4,-5,-4,-4,2,-5,"6,75",-5,2,"7,00","6,80",-5,3,-2,3,-5,3,"7,00",2,1,1,6,6,14,,V,Centro-Izquierda,28,no
53,K,CK,,,,0,1,Alerta,N/A,1,4,N/A,N/A,4,2,N/A,N/A,2,3,N/A,N/A,0,3,N/A,N/A,5,N/A,2,N/A,0,4,N/A,N/A,2,4,N/A,2,N/A,N/A,1,1,N/A,3,N/A,5,N/A,N/A,2,"2,50",1,-4,1,-5,-3,-5,2,-4,"4,25",-4,2,"6,00","4,60",-3,1,-2,1,0,0,"2,33",7,1,7,7,6,26,,M,Centro-Izquierda,21,si
108,K,CK,,,,1,1,Alerta,N/A,5,2,N/A,N/A,2,4,N/A,N/A,2,2,N/A,N/A,4,2,N/A,N/A,5,N/A,1,N/A,0,3,N/A,N/A,4,2,N/A,4,N/A,N/A,1,3,N/A,2,N/A,0,N/A,N/A,1,"2,45",-1,3,1,-3,1,-2,3,-1,"2,75",-3,-1,"2,00","2,60",1,4,3,4,0,0,"1,33",6,2,1,5,4,14,,V,Centro-Derecha,18,no
128,K,CK,,,,1,2,Algunos s√≠ntomas de somnolencia,N/A,5,3,N/A,N/A,2,4,N/A,N/A,3,2,N/A,N/A,5,1,N/A,N/A,4,N/A,2,N/A,2,3,N/A,N/A,3,2,N/A,4,N/A,N/A,0,2,N/A,5,N/A,5,N/A,N/A,0,"2,85",1,4,1,-3,-1,-4,2,-2,"4,50",-2,2,"4,00","4,40",-2,2,1,3,-1,3,"3,33",3,7,3,6,6,11,,M,Centro-Izquierda,31,no
21,K,CK,,,,0,2,Extremadamente alerta,N/A,1,3,N/A,N/A,2,2,N/A,N/A,3,2,N/A,N/A,5,1,N/A,N/A,3,N/A,3,N/A,3,1,N/A,N/A,3,2,N/A,1,N/A,N/A,1,2,N/A,2,N/A,5,N/A,N/A,5,"2,50",1,4,2,-2,-4,-5,2,-2,"5,50",-4,1,"5,00","5,40",1,3,-1,1,-3,2,"3,00",6,3,5,6,7,21,,V,NS/NC,26,no
103,M,AM,,,,0,1,"Somnoliento, tengo que realizar esfuerzo para permanecer despierto/a",4,N/A,N/A,3,3,N/A,N/A,2,2,N/A,N/A,1,3,N/A,N/A,5,2,N/A,2,N/A,5,N/A,N/A,4,2,N/A,N/A,2,N/A,5,3,N/A,N/A,4,N/A,4,N/A,3,2,N/A,"3,05",-5,-3,-5,2,-2,2,-4,2,"5,25",2,-3,"5,00","5,20",0,0,0,0,0,0,"0,00",1,3,2,6,5,11,AX3 18-72908,M,Centro-Derecha,33,no
343,M,AM,,,,0,1,Ni alerta ni somnoliento/a,5,N/A,N/A,2,1,N/A,N/A,2,2,N/A,N/A,0,3,N/A,N/A,2,2,N/A,2,N/A,1,N/A,N/A,0,3,N/A,N/A,1,N/A,2,1,N/A,N/A,2,N/A,0,N/A,1,2,N/A,"1,70",-4,-5,-4,1,-2,-1,-3,0,"3,50",1,-1,"2,00","3,20",-1,-2,0,0,0,0,"0,33",6,3,6,7,3,19,Ax3 18-72587,M,NS/NC,22,no
102,M,AM,,,,0,2,Alerta,5,N/A,N/A,3,4,N/A,N/A,5,5,N/A,N/A,5,5,N/A,N/A,3,3,N/A,2,N/A,2,N/A,N/A,2,5,N/A,N/A,5,N/A,5,5,N/A,N/A,1,N/A,5,N/A,5,2,N/A,"3,85",-5,-5,-5,4,3,5,-5,5,"9,25",5,-5,"10,00","9,40",3,-5,4,-5,4,-3,"8,00",2,1,4,4,4,13,AX318-73363,M,Centro-Derecha,23,si
113,M,AM,,,,0,2,Muy alerta,3,N/A,N/A,5,2,N/A,N/A,2,1,N/A,N/A,2,3,N/A,N/A,4,2,N/A,3,N/A,5,N/A,N/A,2,3,N/A,N/A,5,N/A,4,2,N/A,N/A,1,N/A,2,N/A,2,1,N/A,"2,70",-5,-5,-4,3,2,2,-5,2,"7,00",2,-4,"6,00","6,80",2,-5,1,-3,-1,-5,"5,00",4,3,3,6,5,15,AX31872536,M,Centro-Derecha,24,no
248,M,AM,,,,1,1,"Somnoliento/a, pero sin dificultad para permanecer despierto/a",3,N/A,N/A,5,4,N/A,N/A,4,5,N/A,N/A,0,5,N/A,N/A,4,5,N/A,2,N/A,3,N/A,N/A,5,2,N/A,N/A,3,N/A,5,5,N/A,N/A,3,N/A,2,N/A,5,4,N/A,"3,70",-5,-5,-5,1,1,5,-5,3,"7,50",1,-4,"5,00","7,00",5,5,5,5,3,2,"0,33",7,5,7,7,7,23,AX3 18-72587,V,Centro-Derecha,24,no
76,M,AM,,,,0,1,"Somnoliento/a, pero sin dificultad para permanecer despierto/a",3,N/A,N/A,1,3,N/A,N/A,2,1,N/A,N/A,2,5,N/A,N/A,4,1,N/A,1,N/A,1,N/A,N/A,2,1,N/A,N/A,1,N/A,5,2,N/A,N/A,0,N/A,2,N/A,4,1,N/A,"2,10",-3,-3,-3,1,-1,0,-3,1,"3,25",1,-2,"3,00","3,20",2,-2,0,0,0,0,"1,33",4,3,2,5,5,13,AX3 18-71055,M,Centro-Derecha,22,no
116,M,AM,,,,1,1,Alerta,3,N/A,N/A,2,5,N/A,N/A,5,5,N/A,N/A,5,5,N/A,N/A,5,2,N/A,3,N/A,5,N/A,N/A,5,5,N/A,N/A,5,N/A,5,5,N/A,N/A,5,N/A,2,N/A,5,5,N/A,"4,35",-5,-5,-5,3,-5,3,-5,2,"5,75",3,-5,"8,00","6,20",5,-2,5,-2,5,-4,"7,67",1,1,1,5,5,11,AX3 18-72995,V,Derecha,20,no
67,M,AM,,,,0,1,Un poco alerta,4,N/A,N/A,1,0,N/A,N/A,2,2,N/A,N/A,0,5,N/A,N/A,4,4,N/A,2,N/A,0,N/A,N/A,3,3,N/A,N/A,0,N/A,5,2,N/A,N/A,1,N/A,1,N/A,0,3,N/A,"2,10",-4,-5,-2,2,2,2,-5,2,"6,00",4,-5,"9,00","6,60",5,-4,5,-2,5,-2,"7,67",7,6,3,7,7,18,Ax3 1873363,M,Centro-Derecha,20,no
124,M,AM,,,,0,2,Muy alerta,4,N/A,N/A,1,0,N/A,N/A,4,5,N/A,N/A,4,5,N/A,N/A,5,2,N/A,5,N/A,5,N/A,N/A,1,5,N/A,N/A,5,N/A,5,4,N/A,N/A,3,N/A,1,N/A,1,2,N/A,"3,35",-5,-5,-5,0,-5,0,-5,1,"4,00",2,-5,"7,00","4,60",4,3,5,5,5,5,"0,33",7,1,6,5,7,24,AX3 18-77160,M,Centro-Derecha,23,no
359,M,AM,,,,0,2,Alerta,1,N/A,N/A,2,1,N/A,N/A,4,2,N/A,N/A,3,1,N/A,N/A,3,2,N/A,4,N/A,3,N/A,N/A,2,1,N/A,N/A,4,N/A,5,5,N/A,N/A,2,N/A,1,N/A,5,2,N/A,"2,65",-5,-4,-5,4,3,1,-5,4,"7,75",2,-1,"3,00","6,80",4,4,5,5,5,5,"0,00",7,1,6,7,7,26,AX3 18-72548,V,Centro-Derecha,31,no
49,M,AM,,,,1,2,"Somnoliento/a, pero sin dificultad para permanecer despierto/a",2,N/A,N/A,1,1,N/A,N/A,5,5,N/A,N/A,5,5,N/A,N/A,5,2,N/A,3,N/A,5,N/A,N/A,4,0,N/A,N/A,5,N/A,5,5,N/A,N/A,2,N/A,0,N/A,4,0,N/A,"3,20",-5,-5,-5,2,3,4,-5,2,"7,75",0,-1,"1,00","6,40",0,0,0,1,0,0,"0,33",5,2,4,5,4,16,AX3 18-72958,M,Centro-Derecha,23,no
57,K,AK,,,,0,1,Un poco alerta,2,N/A,N/A,5,5,N/A,N/A,3,3,N/A,N/A,2,4,N/A,N/A,3,5,N/A,5,N/A,4,N/A,N/A,5,5,N/A,N/A,4,N/A,2,3,N/A,N/A,3,N/A,0,N/A,4,3,N/A,"3,50",-1,4,3,-5,-5,-5,3,-5,"7,25",-5,3,"8,00","7,40",-5,4,-2,4,-5,3,"7,67",6,3,5,4,3,15,AX3 18-71034,M,Centro-Izquierda,25,no
125,K,AK,,,,0,1,Extremadamente alerta,3,N/A,N/A,5,5,N/A,N/A,4,2,N/A,N/A,2,3,N/A,N/A,3,5,N/A,5,N/A,3,N/A,N/A,5,3,N/A,N/A,3,N/A,3,0,N/A,N/A,3,N/A,3,N/A,0,5,N/A,"3,25",4,5,1,-3,-5,-5,5,-4,"8,00",-4,4,"8,00","8,00",0,0,0,0,0,0,"0,00",7,1,5,7,7,25,AX3 18-71055,V,NS/NC,32,si
245,K,AK,,,,0,1,Un poco alerta,5,N/A,N/A,3,2,N/A,N/A,4,3,N/A,N/A,5,3,N/A,N/A,3,5,N/A,5,N/A,3,N/A,N/A,5,5,N/A,N/A,5,N/A,5,5,N/A,N/A,5,N/A,4,N/A,5,4,N/A,"4,20",-3,5,4,-5,-4,-4,2,-5,"6,50",-5,3,"8,00","6,80",-3,3,-2,3,-4,3,"6,00",5,2,1,3,3,10,1872995,V,Centro-Izquierda,28,no
349,K,AK,,,,1,1,"Somnoliento/a, pero sin dificultad para permanecer despierto/a",5,N/A,N/A,3,4,N/A,N/A,5,0,N/A,N/A,4,5,N/A,N/A,5,5,N/A,5,N/A,0,N/A,N/A,4,5,N/A,N/A,5,N/A,3,5,N/A,N/A,2,N/A,2,N/A,5,3,N/A,"3,75",-2,-1,2,-5,-3,-5,-1,-5,"4,00",-5,-1,"4,00","4,00",-5,1,1,3,5,5,"2,67",7,2,1,7,6,19,ax31872958,M,Izquierda,24,si
135,K,AK,,,,0,2,Algunos s√≠ntomas de somnolencia,5,N/A,N/A,5,5,N/A,N/A,3,5,N/A,N/A,4,5,N/A,N/A,4,5,N/A,5,N/A,5,N/A,N/A,5,5,N/A,N/A,5,N/A,4,0,N/A,N/A,5,N/A,5,N/A,5,5,N/A,"4,50",-3,5,4,-5,-5,-5,4,-5,"7,50",-5,5,"10,00","8,00",-4,5,-5,5,-2,5,"8,67",6,6,1,6,6,13,AX3 18-76985,M,Izquierda,23,no
353,K,AK,,,,0,2,Muy alerta,2,N/A,N/A,4,4,N/A,N/A,2,2,N/A,N/A,1,0,N/A,N/A,1,3,N/A,3,N/A,0,N/A,N/A,4,2,N/A,N/A,2,N/A,0,0,N/A,N/A,5,N/A,2,N/A,3,4,N/A,"2,20",-1,-1,-1,-5,-5,-5,-1,-1,"3,00",-4,-2,"2,00","2,80",-4,-2,-3,-3,-1,-1,"0,67",5,5,1,6,5,12,Ax3 1873468,M,Centro-Izquierda,24,no
64,K,AK,,,,1,2,Algunos s√≠ntomas de somnolencia,3,N/A,N/A,5,4,N/A,N/A,3,3,N/A,N/A,3,2,N/A,N/A,4,3,N/A,3,N/A,2,N/A,N/A,3,2,N/A,N/A,2,N/A,2,2,N/A,N/A,5,N/A,4,N/A,4,4,N/A,"3,15",1,2,1,-3,-4,-2,1,-3,"4,25",-2,2,"4,00","4,20",-1,2,-1,1,-1,1,"2,33",2,2,2,5,5,12,Ax3 18-77160,M,Izquierda,23,no
117,K,AK,,,,1,2,"Somnoliento/a, pero sin dificultad para permanecer despierto/a",2,N/A,N/A,5,5,N/A,N/A,4,5,N/A,N/A,0,2,N/A,N/A,3,5,N/A,1,N/A,3,N/A,N/A,5,2,N/A,N/A,2,N/A,2,2,N/A,N/A,3,N/A,3,N/A,2,2,N/A,"2,90",-3,-4,-1,-5,-5,-5,2,-2,"2,75",-2,2,"4,00","3,00",1,3,-2,2,-3,3,"4,00",3,5,1,6,7,12,AX31872548,M,Centro-Izquierda,27,no
128,K,AK,,,,0,1,Muy alerta,5,N/A,N/A,2,5,N/A,N/A,3,0,N/A,N/A,4,5,N/A,N/A,2,5,N/A,3,N/A,1,N/A,N/A,2,1,N/A,N/A,2,N/A,3,2,N/A,N/A,3,N/A,3,N/A,2,2,N/A,"2,75",-2,4,1,-4,-2,-3,1,-1,"3,50",-3,1,"4,00","3,60",1,1,-1,2,-2,2,"2,33",2,6,1,6,6,9,ax3 18-72536,M,Centro-Izquierda,31,no
21,K,AK,,,,1,1,Algunos s√≠ntomas de somnolencia,2,N/A,N/A,4,2,N/A,N/A,3,4,N/A,N/A,3,4,N/A,N/A,2,5,N/A,5,N/A,4,N/A,N/A,3,1,N/A,N/A,2,N/A,3,2,N/A,N/A,2,N/A,2,N/A,4,5,N/A,"3,10",1,3,2,-1,-4,-5,2,-2,"5,00",-5,2,"7,00","5,40",1,3,1,4,-3,3,"3,67",4,5,6,7,7,19,ax318-73468,V,NS/NC,26,no
53,K,AK,,,,1,2,Algunos s√≠ntomas de somnolencia,1,N/A,N/A,2,1,N/A,N/A,2,0,N/A,N/A,1,1,N/A,N/A,1,5,N/A,3,N/A,1,N/A,N/A,2,2,N/A,N/A,2,N/A,3,0,N/A,N/A,1,N/A,1,N/A,1,1,N/A,"1,55",1,1,0,-3,-2,-5,1,-2,"3,75",-1,-1,"0,00","3,00",-3,-3,-1,1,0,0,"0,67",7,1,7,7,6,26,AX31872908,M,Centro-Izquierda,21,si
108,K,AK,,,,0,2,Muy alerta,5,N/A,N/A,2,2,N/A,N/A,4,1,N/A,N/A,1,5,N/A,N/A,1,4,N/A,3,N/A,0,N/A,N/A,3,2,N/A,N/A,3,N/A,3,2,N/A,N/A,4,N/A,1,N/A,1,1,N/A,"2,40",-1,4,0,-2,0,-3,2,-3,"3,25",-1,-1,"0,00","2,60",1,4,1,4,0,0,"2,00",6,3,1,5,5,14,AX3 18-71034,V,Centro-Derecha,18,no
52,M,CM,,,,0,1,Ni alerta ni somnoliento/a,N/A,3,5,N/A,N/A,1,5,N/A,N/A,2,2,N/A,N/A,3,3,N/A,N/A,5,N/A,1,N/A,5,3,N/A,N/A,1,1,N/A,5,N/A,N/A,5,4,N/A,5,N/A,3,N/A,N/A,0,"3,10",-4,-5,-5,-2,5,-3,-5,4,"5,75",-2,-5,"3,00","5,20",1,-3,1,-2,1,-3,"3,67",6,2,6,7,7,24,,M,Centro-Izquierda,23,si
362,M,CM,,,,0,2,Alerta,N/A,5,1,N/A,N/A,4,3,N/A,N/A,2,0,N/A,N/A,5,1,N/A,N/A,4,N/A,2,N/A,3,5,N/A,N/A,1,1,N/A,2,N/A,N/A,3,2,N/A,4,N/A,2,N/A,N/A,1,"2,55",-4,-5,-3,-1,-2,-2,-2,1,"2,50",1,-5,"6,00","3,20",3,2,5,3,5,3,"1,67",7,5,3,5,7,17,,M,Centro-Izquierda,19,no
56,M,CM,,,,1,2,"Somnoliento/a, pero sin dificultad para permanecer despierto/a",N/A,0,2,N/A,N/A,3,3,N/A,N/A,5,1,N/A,N/A,0,5,N/A,N/A,5,N/A,0,N/A,5,4,N/A,N/A,3,4,N/A,5,N/A,N/A,5,0,N/A,3,N/A,0,N/A,N/A,2,"2,75",-5,-5,-5,-1,-1,3,-5,-5,"4,00",-5,-5,"0,00","3,20",0,0,0,0,0,0,"0,00",5,4,1,7,7,16,,M,Centro-Derecha,20,no
111,M,CM,,,,0,1,"Somnoliento/a, pero sin dificultad para permanecer despierto/a",N/A,0,5,N/A,N/A,2,2,N/A,N/A,5,3,N/A,N/A,5,1,N/A,N/A,3,N/A,5,N/A,3,1,N/A,N/A,3,5,N/A,3,N/A,N/A,5,2,N/A,4,N/A,0,N/A,N/A,2,"2,95",-5,-4,-4,0,-3,-3,-5,3,"3,75",-2,-4,"7,00","3,40",3,1,3,2,2,0,"1,67",5,1,6,7,5,22,,V,NS/NC,22,no
243,K,CK,,,,1,1,"Somnoliento/a, pero sin dificultad para permanecer despierto/a",N/A,5,5,N/A,N/A,2,5,N/A,N/A,1,5,N/A,N/A,5,5,N/A,N/A,5,N/A,5,N/A,3,5,N/A,N/A,5,5,N/A,5,N/A,N/A,3,5,N/A,5,N/A,5,N/A,N/A,4,"4,40",2,3,2,-5,-5,-5,4,-5,"7,75",-5,4,"9,00","8,00",-5,3,-5,4,-5,4,"8,67",5,5,2,5,5,12,,M,Izquierda,51,no
79,K,CK,,,,0,1,Alerta,N/A,5,5,N/A,N/A,5,5,N/A,N/A,5,5,N/A,N/A,5,5,N/A,N/A,5,N/A,5,N/A,5,4,N/A,N/A,5,5,N/A,5,N/A,N/A,5,4,N/A,0,N/A,5,N/A,N/A,5,"4,65",-4,5,5,-5,-5,-5,3,-5,"7,25",-5,5,"10,00","7,80",-5,5,-5,5,-5,5,"10,00",2,2,6,5,3,14,,M,Centro-Izquierda,60,si
70,K,CK,,,,1,1,Alerta,N/A,5,5,N/A,N/A,3,4,N/A,N/A,5,5,N/A,N/A,5,5,N/A,N/A,5,N/A,2,N/A,3,5,N/A,N/A,5,5,N/A,4,N/A,N/A,3,2,N/A,5,N/A,5,N/A,N/A,5,"4,30",3,5,4,-5,-5,-5,5,-3,"8,75",-2,4,"6,00","8,20",3,5,-3,5,-2,5,"5,67",6,3,1,7,6,17,,M,Centro-Izquierda,25,no
119,K,CK,,,,0,2,Extremadamente alerta,N/A,5,5,N/A,N/A,4,4,N/A,N/A,5,5,N/A,N/A,5,5,N/A,N/A,5,N/A,4,N/A,5,4,N/A,N/A,5,5,N/A,4,N/A,N/A,5,5,N/A,5,N/A,5,N/A,N/A,5,"4,75",3,5,5,-5,-5,-5,4,-5,"9,25",-5,4,"9,00","9,20",-5,5,-4,5,-4,5,"9,33",6,2,5,6,6,21,,M,Izquierda,37,no
127,K,CK,,,,0,2,Alerta,N/A,3,5,N/A,N/A,3,5,N/A,N/A,0,0,N/A,N/A,3,5,N/A,N/A,2,N/A,4,N/A,5,5,N/A,N/A,5,5,N/A,4,N/A,N/A,5,4,N/A,5,N/A,3,N/A,N/A,3,"3,70",0,4,4,-5,-3,-5,5,-5,"7,75",-5,4,"9,00","8,00",-3,5,-2,5,-1,4,"6,67",2,6,1,4,3,4,,M,Centro-Izquierda,29,no
362,M,AM,,,,1,1,Un poco alerta,5,N/A,N/A,2,2,N/A,N/A,2,2,N/A,N/A,0,5,N/A,N/A,0,5,N/A,2,N/A,3,N/A,N/A,4,1,N/A,N/A,1,N/A,1,5,N/A,N/A,4,N/A,2,N/A,2,3,N/A,"2,55",-4,-5,-5,-1,1,1,-5,1,"5,25",1,-5,"6,00","5,40",5,2,5,5,5,3,"1,67",6,3,5,5,7,20,AX31871055,M,Centro-Izquierda,19,no
56,M,AM,,,,0,1,Ni alerta ni somnoliento/a,0,N/A,N/A,5,4,N/A,N/A,5,5,N/A,N/A,5,3,N/A,N/A,5,5,N/A,2,N/A,0,N/A,N/A,2,0,N/A,N/A,3,N/A,5,5,N/A,N/A,2,N/A,5,N/A,5,0,N/A,"3,30",-5,-5,-5,-2,-3,3,-5,3,"5,25",3,-5,"8,00","5,80",0,0,0,0,0,0,"0,00",4,4,1,7,7,15,AX3 18-72587,M,Centro-Derecha,20,no
111,M,AM,,,,1,2,Ni alerta ni somnoliento/a,0,N/A,N/A,2,5,N/A,N/A,4,3,N/A,N/A,3,5,N/A,N/A,3,5,N/A,3,N/A,4,N/A,N/A,2,2,N/A,N/A,0,N/A,5,5,N/A,N/A,2,N/A,3,N/A,5,5,N/A,"3,30",-5,-4,-4,-2,-2,-3,-5,3,"3,50",-1,-4,"3,00","3,40",4,3,3,-3,3,1,"3,00",4,1,5,5,4,17,ax3 18-77160,V,NS/NC,22,no
52,M,AM,,,,1,2,"Somnoliento/a, pero sin dificultad para permanecer despierto/a",3,N/A,N/A,3,2,N/A,N/A,5,3,N/A,N/A,2,2,N/A,N/A,5,5,N/A,1,N/A,4,N/A,N/A,3,3,N/A,N/A,4,N/A,3,5,N/A,N/A,3,N/A,5,N/A,1,1,N/A,"3,15",-5,-5,-5,-2,5,-3,-5,3,"5,75",-3,-5,"2,00","5,00",-1,-4,3,-2,-1,-1,"2,67",7,1,3,6,7,22,1872995,M,Centro-Izquierda,23,si
119,K,AK,,,,1,1,Muy alerta,3,N/A,N/A,5,4,N/A,N/A,4,5,N/A,N/A,5,5,N/A,N/A,5,5,N/A,5,N/A,5,N/A,N/A,5,4,N/A,N/A,5,N/A,3,5,N/A,N/A,5,N/A,4,N/A,5,5,N/A,"4,60",2,5,5,-5,-5,-5,3,-5,"8,75",-5,4,"9,00","8,80",-5,5,-3,5,-5,5,"9,33",7,2,5,5,5,20,AX3 18-72958,M,Izquierda,37,no
127,K,AK,,,,1,1,"Somnoliento, tengo que realizar esfuerzo para permanecer despierto/a",5,N/A,N/A,4,5,N/A,N/A,4,0,N/A,N/A,0,0,N/A,N/A,3,4,N/A,4,N/A,0,N/A,N/A,2,3,N/A,N/A,5,N/A,3,5,N/A,N/A,5,N/A,5,N/A,0,5,N/A,"3,10",3,3,3,-5,-4,-5,4,-4,"7,75",-5,5,"10,00","8,20",-4,5,-1,4,-1,0,"5,00",3,6,3,4,4,8,ax3 18-72908,M,Centro-Izquierda,29,no
243,K,AK,,,,0,2,Alerta,5,N/A,N/A,4,5,N/A,N/A,4,5,N/A,N/A,4,5,N/A,N/A,4,5,N/A,5,N/A,3,N/A,N/A,4,5,N/A,N/A,4,N/A,3,5,N/A,N/A,5,N/A,4,N/A,5,5,N/A,"4,45",3,4,4,-5,-5,-5,4,-5,"8,75",-5,3,"8,00","8,60",-5,3,-5,4,-5,4,"8,67",5,3,2,5,5,14,AX3 18-73468,M,Izquierda,51,no
79,K,AK,,,,1,2,Alerta,5,N/A,N/A,5,4,N/A,N/A,5,5,N/A,N/A,5,5,N/A,N/A,3,5,N/A,5,N/A,5,N/A,N/A,3,5,N/A,N/A,5,N/A,4,5,N/A,N/A,5,N/A,3,N/A,5,5,N/A,"4,60",-4,5,5,-5,-5,-5,3,-5,"7,25",-5,4,"9,00","7,60",-4,5,-5,5,-5,5,"9,67",6,1,7,6,6,24,Ax318-72536,M,Centro-Izquierda,60,si
70,K,AK,,,,0,2,Muy alerta,5,N/A,N/A,5,5,N/A,N/A,5,5,N/A,N/A,5,5,N/A,N/A,3,5,N/A,3,N/A,4,N/A,N/A,4,5,N/A,N/A,5,N/A,4,4,N/A,N/A,4,N/A,4,N/A,5,5,N/A,"4,50",2,5,4,-5,-5,-5,4,-4,"8,50",-2,3,"5,00","7,80",3,5,-4,5,-4,4,"6,33",7,1,2,6,5,19,AX3 18-71034,M,Centro-Izquierda,25,no
118,K,AK,,,,1,1,"Somnoliento, tengo que realizar esfuerzo para permanecer despierto/a",2,N/A,N/A,1,4,N/A,N/A,0,2,N/A,N/A,1,1,N/A,N/A,0,3,N/A,3,N/A,2,N/A,N/A,3,1,N/A,N/A,3,N/A,0,0,N/A,N/A,1,N/A,2,N/A,3,1,N/A,"1,65",-3,-2,-1,-4,-4,-5,1,-1,"2,25",-3,1,"4,00","2,60",2,2,-1,0,-1,0,"0,67",4,5,2,6,5,12,AX3 18-73363,M,,27,no
61,K,AK,,,,0,1,Un poco alerta,5,N/A,N/A,5,5,N/A,N/A,3,3,N/A,N/A,4,5,N/A,N/A,1,5,N/A,5,N/A,4,N/A,N/A,3,4,N/A,N/A,5,N/A,3,3,N/A,N/A,4,N/A,3,N/A,3,3,N/A,"3,80",3,5,3,-5,-5,-5,5,-5,"9,00",-5,5,"10,00","9,20",2,5,5,5,5,5,"1,00",7,3,7,5,5,21,1876985,M,,24,no
82,K,AK,,,,0,2,Alerta,0,N/A,N/A,5,1,N/A,N/A,3,1,N/A,N/A,0,1,N/A,N/A,0,2,N/A,3,N/A,1,N/A,N/A,0,1,N/A,N/A,2,N/A,0,0,N/A,N/A,3,N/A,0,N/A,1,0,N/A,"1,20",2,0,0,-3,0,-1,1,-2,"2,25",-2,-1,"1,00","2,00",0,1,-1,0,0,0,"0,67",4,2,5,5,4,16,AX3 18-73468,M,,20,no
122,K,AK,,,,1,2,"Somnoliento/a, pero sin dificultad para permanecer despierto/a",4,N/A,N/A,2,5,N/A,N/A,3,3,N/A,N/A,4,4,N/A,N/A,2,3,N/A,3,N/A,2,N/A,N/A,2,3,N/A,N/A,2,N/A,4,2,N/A,N/A,5,N/A,5,N/A,1,4,N/A,"3,15",-1,2,1,-5,-3,-5,2,-4,"5,25",-3,3,"6,00","5,40",2,4,3,5,2,5,"2,33",5,6,1,6,6,12,AX3 1871055,M,,24,no
55,M,AM,,,,0,1,Un poco alerta,5,N/A,N/A,4,4,N/A,N/A,3,2,N/A,N/A,3,5,N/A,N/A,3,2,N/A,1,N/A,4,N/A,N/A,1,5,N/A,N/A,3,N/A,5,4,N/A,N/A,3,N/A,5,N/A,0,2,N/A,"3,20",-5,-5,-3,1,1,3,-5,3,"6,50",4,-5,"9,00","7,00",5,-5,5,-1,5,-5,"8,67",2,5,2,7,7,13,AX31872995,M,Derecha,66,no
365,M,AM,,,,1,1,"Somnoliento, tengo que realizar esfuerzo para permanecer despierto/a",2,N/A,N/A,5,5,N/A,N/A,0,0,N/A,N/A,0,3,N/A,N/A,5,5,N/A,3,N/A,0,N/A,N/A,5,3,N/A,N/A,2,N/A,2,0,N/A,N/A,2,N/A,2,N/A,0,0,N/A,"2,20",0,-4,0,1,0,0,0,0,"1,25",-2,-2,"0,00","1,00",-5,-5,0,0,0,0,"0,00",2,6,4,5,3,8,AX3 18-72958,M,,20,no
59,M,AM,,,,0,1,Muy alerta,2,N/A,N/A,4,1,N/A,N/A,4,3,N/A,N/A,1,5,N/A,N/A,5,1,N/A,2,N/A,4,N/A,N/A,3,5,N/A,N/A,1,N/A,5,1,N/A,N/A,2,N/A,3,N/A,3,3,N/A,"2,90",-4,-5,-4,1,-1,1,-4,-2,"4,00",1,-5,"6,00","4,40",4,4,4,4,4,4,"0,00",5,6,1,6,5,11,AX3 18-72908,M,,21,no
58,M,AM,,,,0,2,Ni alerta ni somnoliento/a,2,N/A,N/A,1,4,N/A,N/A,5,5,N/A,N/A,5,5,N/A,N/A,5,2,N/A,3,N/A,3,N/A,N/A,3,4,N/A,N/A,2,N/A,5,3,N/A,N/A,0,N/A,1,N/A,5,3,N/A,"3,30",-5,-5,-5,2,-5,3,-5,1,"5,25",1,-5,"6,00","5,40",2,2,3,2,3,2,"0,67",6,1,5,7,7,24,AX3 18-72587,M,,18,no
371,M,AM,,,,1,2,Un poco alerta,1,N/A,N/A,1,1,N/A,N/A,0,2,N/A,N/A,2,4,N/A,N/A,5,3,N/A,0,N/A,3,N/A,N/A,4,4,N/A,N/A,3,N/A,3,0,N/A,N/A,5,N/A,3,N/A,0,3,N/A,"2,35",-4,-4,-3,4,1,2,-4,3,"6,25",2,-5,"7,00","6,40",5,-3,3,-4,4,-5,"8,00",4,5,1,5,6,11,1877160,M,,19,no
133,M,AM,,,,0,2,Muy alerta,5,N/A,N/A,3,5,N/A,N/A,1,0,N/A,N/A,0,5,N/A,N/A,4,3,N/A,1,N/A,0,N/A,N/A,1,5,N/A,N/A,5,N/A,5,0,N/A,N/A,2,N/A,5,N/A,0,0,N/A,"2,50",-5,-5,-5,3,0,0,-5,2,"6,25",1,-5,"6,00","6,20",1,-4,1,-4,1,-5,"5,33",5,4,1,6,5,13,AX3 18-72536,M,,19,no
78,M,AM,,,,0,2,Alerta,2,N/A,N/A,1,1,N/A,N/A,2,2,N/A,N/A,1,2,N/A,N/A,3,3,N/A,1,N/A,1,N/A,N/A,2,1,N/A,N/A,2,N/A,3,4,N/A,N/A,1,N/A,1,N/A,2,2,N/A,"1,85",-4,-4,-4,1,1,2,-4,1,"5,25",1,-4,"5,00","5,20",3,2,2,1,2,-1,"1,67",2,4,2,5,3,8,AX3 18-71034,M,,24,no
82,K,CK,,,,1,1,"Somnoliento/a, pero sin dificultad para permanecer despierto/a",N/A,1,4,N/A,N/A,1,3,N/A,N/A,0,0,N/A,N/A,1,0,N/A,N/A,3,N/A,1,N/A,0,1,N/A,N/A,1,3,N/A,1,N/A,N/A,0,2,N/A,1,N/A,2,N/A,N/A,0,"1,25",2,1,0,-3,0,-1,1,-2,"2,50",-3,-2,"1,00","2,20",2,2,-1,-1,-1,0,"0,33",3,2,5,5,4,15,,M,,20,no
122,K,CK,,,,0,1,Alerta,N/A,5,2,N/A,N/A,3,4,N/A,N/A,4,5,N/A,N/A,4,2,N/A,N/A,3,N/A,5,N/A,0,4,N/A,N/A,3,5,N/A,4,N/A,N/A,1,3,N/A,5,N/A,1,N/A,N/A,3,"3,30",-2,2,1,-4,-2,-5,3,-2,"4,25",-4,4,"8,00","5,00",3,5,0,2,0,2,"2,00",6,6,1,7,6,14,,M,,24,no
118,K,CK,,,,0,2,Extremadamente alerta,N/A,1,1,N/A,N/A,2,1,N/A,N/A,2,3,N/A,N/A,0,1,N/A,N/A,1,N/A,1,N/A,0,1,N/A,N/A,1,4,N/A,0,N/A,N/A,0,4,N/A,3,N/A,2,N/A,N/A,1,"1,45",-3,-1,-1,-4,-4,-5,1,-2,"2,75",0,0,"0,00","2,20",0,0,-2,0,-2,0,"1,33",6,5,2,7,5,15,,M,,27,no
61,K,CK,,,,1,2,"Somnoliento/a, pero sin dificultad para permanecer despierto/a",N/A,4,3,N/A,N/A,1,3,N/A,N/A,3,4,N/A,N/A,5,2,N/A,N/A,5,N/A,3,N/A,3,5,N/A,N/A,5,5,N/A,5,N/A,N/A,4,2,N/A,5,N/A,5,N/A,N/A,3,"3,75",3,5,3,-5,-5,-5,5,-5,"9,00",-2,3,"5,00","8,20",-1,5,5,5,2,5,"3,00",7,6,5,7,5,18,,M,,24,no
58,M,CM,,,,1,1,Ni alerta ni somnoliento/a,N/A,2,5,N/A,N/A,5,5,N/A,N/A,2,5,N/A,N/A,3,5,N/A,N/A,5,N/A,3,N/A,1,1,N/A,N/A,5,3,N/A,5,N/A,N/A,3,5,N/A,2,N/A,0,N/A,N/A,0,"3,25",-5,-5,-5,2,-5,3,-5,-5,"3,75",-1,-4,"3,00","3,60",3,1,1,1,2,1,"1,00",6,3,5,7,6,21,,M,,18,no
371,M,CM,,,,0,1,Ni alerta ni somnoliento/a,N/A,3,0,N/A,N/A,2,3,N/A,N/A,1,3,N/A,N/A,3,3,N/A,N/A,0,N/A,0,N/A,1,1,N/A,N/A,4,3,N/A,2,N/A,N/A,5,5,N/A,3,N/A,0,N/A,N/A,3,"2,25",-4,-5,0,4,1,2,-4,3,"5,75",3,-5,"8,00","6,20",5,-1,2,-1,2,-3,"4,67",4,5,1,5,5,10,,M,,19,no
133,M,CM,,,,1,1,Algunos s√≠ntomas de somnolencia,N/A,5,3,N/A,N/A,4,2,N/A,N/A,3,1,N/A,N/A,5,5,N/A,N/A,4,N/A,4,N/A,0,1,N/A,N/A,5,2,N/A,5,N/A,N/A,0,2,N/A,4,N/A,0,N/A,N/A,0,"2,75",-5,-5,-5,1,0,-1,-5,2,"5,50",-1,-5,"4,00","5,20",0,-4,3,-4,2,-5,"6,00",5,4,1,6,5,13,,M,,19,no
78,M,CM,,,,1,1,Alerta,N/A,3,1,N/A,N/A,3,4,N/A,N/A,1,3,N/A,N/A,4,3,N/A,N/A,3,N/A,1,N/A,1,1,N/A,N/A,2,2,N/A,4,N/A,N/A,3,4,N/A,3,N/A,3,N/A,N/A,1,"2,50",-4,-4,-4,1,0,2,-4,1,"5,00",1,-4,"5,00","5,00",1,1,3,3,1,-2,"1,00",2,2,2,5,4,11,,M,,24,no
55,M,CM,,,,1,2,Alerta,N/A,5,4,N/A,N/A,3,3,N/A,N/A,2,2,N/A,N/A,5,4,N/A,N/A,4,N/A,3,N/A,1,1,N/A,N/A,5,3,N/A,5,N/A,N/A,4,5,N/A,3,N/A,1,N/A,N/A,1,"3,20",-5,-5,-4,2,3,3,-5,3,"7,50",3,-5,"8,00","7,60",5,-5,5,1,5,-3,"7,33",6,5,1,7,3,12,,M,Derecha,66,no
365,M,CM,,,,0,2,Muy alerta,N/A,1,3,N/A,N/A,2,4,N/A,N/A,0,0,N/A,N/A,4,5,N/A,N/A,5,N/A,0,N/A,0,4,N/A,N/A,3,2,N/A,2,N/A,N/A,0,2,N/A,2,N/A,0,N/A,N/A,0,"1,95",-2,-5,0,2,0,0,-4,3,"4,00",-3,-3,"0,00","3,20",-5,-5,3,3,3,3,"0,00",3,5,1,6,5,10,,M,,20,no
59,M,CM,,,,1,2,"Somnoliento/a, pero sin dificultad para permanecer despierto/a",N/A,2,4,N/A,N/A,3,3,N/A,N/A,4,3,N/A,N/A,5,5,N/A,N/A,3,N/A,2,N/A,4,3,N/A,N/A,5,2,N/A,5,N/A,N/A,3,3,N/A,4,N/A,5,N/A,N/A,3,"3,55",-5,-5,-4,-1,-4,-3,-5,-1,"2,50",-1,-5,"4,00","2,80",5,5,3,2,4,4,"0,33",5,5,1,6,5,12,,M,,21,no